Rk,Player,From,To,Yrs,G,MP,FG,FGA,3P,3PA,FT,FTA,ORB,TRB,AST,STL,BLK,TOV,PF,PTS,FG%,3P%,FT%,MP,PTS,TRB,AST
1,Alaa Abdelnaby\abdelal01,1993,1994,2,76,1311,243,472,0,0,92,125,126,346,20,21,25,101,185,578,0.515,,0.736,17.3,7.6,4.6,0.3
2,Zaid Abdul-Aziz\abdulza01,1978,1978,1,2,24,3,13,,,2,3,6,15,3,1,1,3,4,8,0.231,,0.667,12,4,7.5,1.5
3,Mark Acres\acresma01,1988,1989,2,141,1783,163,317,1,1,97,159,164,416,61,48,33,77,292,424,0.514,1,0.61,12.6,3,3,0.4
4,Danny Ainge\aingeda01,1982,1989,8,556,15603,2537,5210,348,901,835,963,405,1534,2422,671,58,875,1420,6257,0.487,0.386,0.867,28.1,11.3,2.8,4.4
5,Kadeem Allen\allenka01,2018,2018,1,18,107,6,22,0,11,7,9,4,11,12,3,2,9,15,19,0.273,0,0.778,5.9,1.1,0.6,0.7
6,Ray Allen\allenra02,2008,2012,5,358,12774,2108,4470,798,1949,973,1064,251,1215,981,324,78,575,716,5987,0.472,0.409,0.914,35.7,16.7,3.4,2.7
7,Tony Allen\allento01,2005,2010,6,336,6194,881,1846,55,187,606,829,260,873,439,351,117,471,744,2423,0.477,0.294,0.731,18.4,7.2,2.6,1.3
8,Jerome Anderson\anderje01,1976,1976,1,22,126,25,45,,,11,16,4,13,6,3,3,,25,61,0.556,,0.688,5.7,2.8,0.6,0.3
9,Kenny Anderson\anderke01,1998,2002,5,241,7268,1059,2433,121,337,478,606,155,715,1250,383,22,401,616,2717,0.435,0.359,0.789,30.2,11.3,3,5.2
10,Joel Anthony\anthojo01,2014,2014,1,21,149,10,26,0,0,2,6,13,31,2,3,8,2,13,22,0.385,,0.333,7.1,1,1.5,0.1
11,Tiny Archibald\architi01,1979,1983,5,363,11324,1567,3338,15,67,1401,1773,170,683,2563,326,41,1045,792,4550,0.469,0.224,0.79,31.2,12.5,1.9,7.1
12,Jim Ard\ardji01,1975,1978,4,204,2550,292,815,,,169,243,233,788,142,43,96,0,366,753,0.358,,0.695,12.5,3.7,3.9,0.7
13,Carlos Arroyo\arroyca01,2011,2011,1,15,190,11,35,3,5,11,12,7,23,25,7,0,17,11,36,0.314,0.6,0.917,12.7,2.4,1.5,1.7
14,Chucky Atkins\atkinch01,2004,2004,1,24,793,104,249,39,111,42,54,3,45,128,26,1,44,42,289,0.418,0.351,0.778,33,12,1.9,5.3
15,Dennis Awtrey\awtrede01,1979,1979,1,23,247,17,44,,,16,20,13,47,20,3,6,21,37,50,0.386,,0.8,10.7,2.2,2,0.9
16,Chris Babb\babbch01,2014,2014,1,14,132,8,30,6,27,0,0,4,17,3,6,0,3,13,22,0.267,0.222,,9.4,1.6,1.2,0.2
17,Johnny Bach\bachjo01,1949,1949,1,34,,34,119,,,51,75,,,25,,,,24,119,0.286,,0.68,,3.5,,0.7
18,John Bagley\baglejo01,1990,1993,3,137,2934,332,749,11,61,102,140,65,257,796,99,8,255,211,777,0.443,0.18,0.729,21.4,5.7,1.9,5.8
19,Vin Baker\bakervi01,2003,2004,2,89,1942,267,540,0,5,154,219,166,408,83,44,53,113,244,688,0.494,0,0.703,21.8,7.7,4.6,0.9
20,Marcus Banks\banksma01,2004,2006,3,180,2799,325,808,54,164,247,324,63,278,362,158,26,227,355,951,0.402,0.329,0.762,15.6,5.3,1.5,2
21,Leandro Barbosa\barbole01,2013,2013,1,41,513,83,193,18,47,31,41,8,46,58,17,6,21,51,215,0.43,0.383,0.756,12.5,5.2,1.1,1.4
22,Tom Barker\barketo01,1979,1979,1,12,131,21,48,,,11,15,12,30,6,4,4,13,26,53,0.438,,0.733,10.9,4.4,2.5,0.5
23,Don Barksdale\barksdo01,1954,1955,2,135,3148,423,1114,,,369,563,,890,246,,,,438,1215,0.38,,0.655,23.3,9,6.6,1.8
24,Jim Barnes\barneji01,1969,1970,2,126,1644,270,636,,,160,220,,544,79,,,,336,700,0.425,,0.727,13,5.6,4.3,0.6
25,Marvin Barnes\barnema01,1979,1979,1,38,796,133,271,,,43,66,57,177,53,38,39,68,144,309,0.491,,0.652,20.9,8.1,4.7,1.4
26,Jim Barnett\barneji02,1967,1967,1,48,383,78,211,,,42,62,,53,41,,,,61,198,0.37,,0.677,8,4.1,1.1,0.9
27,Ernie Barrett\barreer01,1954,1956,2,131,2092,267,724,,,107,143,,343,229,,,,300,641,0.369,,0.748,16,4.9,2.6,1.7
28,Dana Barros\barroda01,1996,2004,6,307,7028,1136,2477,416,1023,421,485,83,597,1014,250,24,420,420,3109,0.459,0.407,0.868,22.9,10.1,1.9,3.3
29,Brandon Bass\bassbr01,2012,2015,4,304,8302,1285,2629,11,40,635,766,524,1658,330,155,221,330,653,3216,0.489,0.275,0.829,27.3,10.6,5.5,1.1
30,Tony Battie\battito01,1999,2004,6,336,7474,940,1819,3,22,386,562,692,1975,237,204,369,272,1005,2269,0.517,0.136,0.687,22.2,6.8,5.9,0.7
31,Kenny Battle\battlke01,1992,1993,2,11,75,9,17,0,1,10,10,10,20,2,2,0,4,6,28,0.529,0,1,6.8,2.5,1.8,0.2
32,Jerryd Bayless\bayleje01,2014,2014,1,41,1036,158,378,51,129,49,61,14,86,128,40,4,60,89,416,0.418,0.395,0.803,25.3,10.1,2.1,3.1
33,Aron Baynes\baynear01,2018,2019,2,132,2306,315,669,24,82,112,140,218,674,150,34,85,120,325,766,0.471,0.293,0.8,17.5,5.8,5.1,1.1
34,Moe Becker\beckemo01,1947,1947,1,6,,5,22,,,3,4,,,1,,,,15,13,0.227,,0.75,,2.2,,0.2
35,Hank Beenders\beendha01,1949,1949,1,8,,6,28,,,7,9,,,3,,,,9,19,0.214,,0.778,,2.4,,0.4
36,Bob Bigelow\bigelbo01,1978,1978,1,4,17,3,12,,,0,0,1,4,0,0,0,0,1,6,0.25,,,4.3,1.5,1,0
37,Chauncey Billups\billuch01,1998,1998,1,51,1296,177,454,64,189,147,180,40,113,217,77,2,118,118,565,0.39,0.339,0.817,25.4,11.1,2.2,4.3
38,Dave Bing\bingda01,1978,1978,1,80,2256,422,940,,,244,296,76,212,300,79,18,216,247,1088,0.449,,0.824,28.2,13.6,2.7,3.8
39,Jabari Bird\birdja01,2018,2018,1,13,115,15,26,3,7,6,13,6,19,8,3,1,8,7,39,0.577,0.429,0.462,8.8,3,1.5,0.6
40,Larry Bird\birdla01,1980,1992,13,897,34443,8591,17334,649,1727,3960,4471,1757,8974,5695,1556,755,2816,2279,21791,0.496,0.376,0.886,38.4,24.3,10,6.3
41,Otis Birdsong\birdsot01,1989,1989,1,13,108,18,36,1,3,0,2,4,13,9,3,1,12,10,37,0.5,0.333,0,8.3,2.8,1,0.7
42,James Blackwell\blackja01,1995,1995,1,9,61,6,10,0,0,2,3,2,8,6,3,0,3,7,14,0.6,,0.667,6.8,1.6,0.9,0.7
43,Mike Bloom\bloommi01,1948,1948,1,14,,46,169,,,37,57,,,14,,,,37,129,0.272,,0.649,,9.2,,1
44,Mark Blount\blounma01,2001,2006,6,338,7646,1041,1958,0,1,479,655,558,1589,333,203,318,546,906,2561,0.532,0,0.731,22.6,7.6,4.7,1
45,Vander Blue\blueva01,2014,2014,1,3,15,2,4,0,1,1,5,0,3,1,0,0,2,1,5,0.5,0,0.2,5,1.7,1,0.3
46,Keith Bogans\boganke01,2014,2014,1,6,55,3,6,3,6,3,3,0,3,3,1,0,1,2,12,0.5,0.5,1,9.2,2,0.5,0.5
47,Ron Bonham\bonharo01,1965,1966,2,76,681,167,427,,,144,173,,113,30,,,,62,478,0.391,,0.832,9,6.3,1.5,0.4
48,Tom Boswell\bosweto01,1976,1978,3,170,2507,401,790,,,203,282,254,665,172,54,23,95,511,1005,0.508,,0.72,14.7,5.9,3.9,1
49,Bruce Bowen\bowenbr01,1998,1999,2,91,1799,148,391,27,85,87,146,94,226,109,108,38,65,225,410,0.379,0.318,0.596,19.8,4.5,2.5,1.2
50,Harry Boykoff\boykoha01,1951,1951,1,32,,78,203,,,45,63,,135,40,,,,130,201,0.384,,0.714,,6.3,4.2,1.3
51,Avery Bradley\bradlav01,2011,2017,7,413,11619,2025,4578,520,1421,438,567,275,1264,703,446,87,565,885,5008,0.442,0.366,0.772,28.1,12.1,3.1,1.7
52,Charles Bradley\bradlch01,1982,1983,2,102,871,124,298,0,4,88,152,42,116,50,46,33,79,145,336,0.416,0,0.579,8.5,3.3,1.1,0.5
53,Bob Brannum\brannbo01,1952,1955,4,279,6576,653,1863,,,436,689,,1944,494,,,,1034,1742,0.351,,0.633,23.6,6.2,7,1.8
54,Carl Braun\braunca01,1962,1962,1,48,414,78,207,,,20,27,,50,71,,,,49,176,0.377,,0.741,8.6,3.7,1,1.5
55,J.R. Bremer\bremejr01,2003,2003,1,64,1503,171,464,101,286,85,111,18,145,164,38,3,59,80,528,0.369,0.353,0.766,23.5,8.3,2.3,2.6
56,Frank Brickowski\brickfr01,1997,1997,1,17,255,32,73,7,20,10,14,6,34,15,5,4,19,42,81,0.438,0.35,0.714,15,4.8,2,0.9
57,Al Brightman\brighal01,1947,1947,1,58,,223,870,,,121,193,,,60,,,,115,567,0.256,,0.627,,9.8,,1
58,MarShon Brooks\brookma01,2014,2014,1,10,73,9,24,2,4,11,14,1,19,4,1,1,7,5,31,0.375,0.5,0.786,7.3,3.1,1.9,0.4
59,Dee Brown\brownde01,1991,1998,8,476,13665,2104,4698,325,959,979,1181,281,1302,1883,675,174,734,1066,5512,0.448,0.339,0.829,28.7,11.6,2.7,4
60,Jaylen Brown\brownja02,2017,2020,4,272,7108,1311,2790,369,998,527,775,230,1197,387,230,92,407,660,3518,0.47,0.37,0.68,26.1,12.9,4.4,1.4
61,Kedrick Brown\brownke01,2002,2004,3,101,1319,129,340,20,98,40,65,74,258,60,69,22,42,124,318,0.379,0.204,0.615,13.1,3.1,2.6,0.6
62,P.J. Brown\brownpj01,2008,2008,1,18,209,14,41,0,1,11,16,29,68,10,5,8,10,29,39,0.341,0,0.688,11.6,2.2,3.8,0.6
63,Randy Brown\brownra02,2001,2002,2,55,1244,100,238,0,3,23,40,23,99,156,62,11,56,133,223,0.42,0,0.575,22.6,4.1,1.8,2.8
64,Rick Brunson\brunsri01,2001,2001,1,7,142,10,35,2,11,4,9,2,9,24,7,1,9,16,26,0.286,0.182,0.444,20.3,3.7,1.3,3.4
65,Em Bryant\bryanem01,1969,1970,2,151,3005,407,1008,,,200,281,,461,407,,,,465,1014,0.404,,0.712,19.9,6.7,3.1,2.7
66,Mark Bryant\bryanma01,2003,2003,1,2,9,0,1,0,0,0,0,0,2,1,0,0,0,2,0,0,,,4.5,0,1,0.5
67,Quinn Buckner\bucknqu01,1983,1985,3,226,3672,460,1077,0,11,154,241,129,411,637,255,10,326,524,1074,0.427,0,0.639,16.2,4.8,1.8,2.8
68,Junior Burrough\burroju01,1996,1996,1,61,495,64,170,0,0,61,93,45,109,15,15,10,40,74,189,0.376,,0.656,8.1,3.1,1.8,0.2
69,Al Butler\butleal01,1962,1962,1,5,47,13,29,,,5,6,,13,4,,,,9,31,0.448,,0.833,9.4,6.2,2.6,0.8
70,Rick Carlisle\carliri01,1985,1987,3,157,1236,148,348,5,28,45,60,38,128,164,30,4,94,141,346,0.425,0.179,0.75,7.9,2.2,0.8,1
71,Chris Carr\carrch01,2001,2001,1,35,309,53,112,17,37,46,60,11,44,11,4,3,19,45,169,0.473,0.459,0.767,8.8,4.8,1.3,0.3
72,M.L. Carr\carrml01,1980,1985,6,363,5810,910,2023,33,129,432,570,286,818,484,303,95,402,675,2285,0.45,0.256,0.758,16,6.3,2.3,1.3
73,Sam Cassell\cassesa01,2008,2008,1,17,299,50,130,9,22,21,25,5,31,35,9,3,19,29,130,0.385,0.409,0.84,17.6,7.6,1.8,2.1
74,Don Chaney\chanedo01,1969,1980,10,652,14865,2287,5180,1,6,1114,1432,511,2572,1268,344,160,148,1840,5689,0.442,0.167,0.778,22.8,8.7,3.9,1.9
75,Calbert Cheaney\cheanca01,2000,2000,1,67,1309,120,273,18,54,9,21,23,138,80,44,14,46,158,267,0.44,0.333,0.429,19.5,4,2.1,1.2
76,Carlos Clark\clarkca01,1984,1985,2,93,689,83,204,0,7,57,71,36,86,65,43,3,54,79,223,0.407,0,0.803,7.4,2.4,0.9,0.7
77,Coty Clarke\clarkco01,2016,2016,1,3,6,2,4,2,2,0,0,0,1,0,0,0,1,0,6,0.5,1,,2,2,0.3,0
78,Charles Claxton\claxtch01,1996,1996,1,3,7,1,2,0,0,0,2,2,2,0,0,1,1,4,2,0.5,,0,2.3,0.7,0.7,0
79,Ben Clyde\clydebe01,1975,1975,1,25,157,31,72,,,7,9,15,41,5,5,3,,34,69,0.431,,0.778,6.3,2.8,1.6,0.2
80,Bimbo Coles\colesbi01,2003,2003,1,14,175,22,49,0,7,8,8,1,11,16,6,0,10,17,52,0.449,0,1,12.5,3.7,0.8,1.1
81,Jason Collins\collija04,2013,2013,1,32,330,8,23,0,0,21,30,21,52,6,10,6,16,74,37,0.348,,0.7,10.3,1.2,1.6,0.2
82,Gene Conley\conlege01,1953,1961,4,235,3696,505,1404,,,237,362,,1587,110,,,,736,1247,0.36,,0.655,15.7,5.3,6.8,0.5
83,Marty Conlon\conloma01,1997,1997,1,74,1614,214,454,2,10,144,171,128,323,104,46,18,109,154,574,0.471,0.2,0.842,21.8,7.8,4.4,1.4
84,Chuck Connors\connoch01,1947,1948,2,53,,99,393,,,41,87,,,41,,,,134,239,0.252,,0.471,,4.5,,0.8
85,Norm Cook\cookno01,1977,1977,1,25,138,27,72,,,9,17,10,27,5,10,3,,27,63,0.375,,0.529,5.5,2.5,1.1,0.2
86,Chuck Cooper\coopech01,1951,1954,4,272,5071,639,1873,,,572,774,,1807,494,,,,846,1850,0.341,,0.739,24.6,6.8,6.6,1.8
87,Chris Corchiani\corchch01,1994,1994,1,51,467,40,94,11,38,26,38,8,44,86,22,2,38,47,117,0.426,0.289,0.684,9.2,2.3,0.9,1.7
88,Mel Counts\countme01,1965,1966,2,121,1593,321,821,,,178,219,,697,69,,,,341,820,0.391,,0.813,13.2,6.8,5.8,0.6
89,Bob Cousy\cousybo01,1951,1963,13,917,30131,6167,16465,,,4621,5753,,4781,6945,,,,2231,16955,0.375,,0.803,35.5,18.5,5.2,7.6
90,Dave Cowens\cowenda01,1971,1980,10,726,28551,5608,12193,1,12,1975,2527,1501,10170,2828,569,473,499,2783,13192,0.46,0.083,0.782,39.3,18.2,14,3.9
91,Jordan Crawford\crawfjo02,2013,2014,2,66,1780,278,672,74,232,152,179,31,194,292,46,5,128,121,782,0.414,0.319,0.849,27,11.8,2.9,4.4
92,Hal Crisler\crislha01,1947,1947,1,4,,2,6,,,2,2,,,0,,,,6,6,0.333,,1,,1.5,,0
93,Jae Crowder\crowdja01,2015,2017,3,202,6025,889,2002,327,927,471,586,178,1052,372,256,78,202,470,2576,0.444,0.353,0.804,29.8,12.8,5.2,1.8
94,Marquis Daniels\daniema01,2010,2012,3,138,2359,290,624,10,59,90,136,67,274,177,87,37,108,190,680,0.465,0.169,0.662,17.1,4.9,2,1.3
95,Luigi Datome\datomlu01,2015,2015,1,18,192,38,77,17,36,1,1,2,25,7,1,7,7,14,94,0.494,0.472,1,10.7,5.2,1.4,0.4
96,Glen Davis\davisgl01,2008,2011,4,277,5808,787,1751,4,24,520,731,418,1139,224,183,83,274,753,2098,0.449,0.167,0.711,21,7.6,4.1,0.8
97,Ricky Davis\davisri01,2004,2006,3,181,6121,1122,2389,136,397,560,713,165,673,615,209,50,441,385,2940,0.47,0.343,0.785,33.8,16.2,3.7,3.4
98,Tony Dawson\dawsoto01,1995,1995,1,2,13,3,8,1,3,1,1,0,3,1,0,0,2,4,8,0.375,0.333,1,6.5,4,1.5,0.5
99,Todd Day\dayto01,1996,1997,2,152,3913,675,1745,221,625,456,592,171,532,219,185,96,225,406,2027,0.387,0.354,0.77,25.7,13.3,3.5,1.4
100,Darren Daye\dayeda01,1987,1988,2,108,1379,213,419,0,1,93,152,67,200,146,54,11,100,166,519,0.508,0,0.612,12.8,4.8,1.9,1.4
101,Andrew DeClercq\declean01,1998,1999,2,95,1781,197,397,0,1,120,197,213,455,69,98,58,106,328,514,0.496,0,0.609,18.7,5.4,4.8,0.7
102,Tony Delk\delkto01,2002,2003,2,89,2443,293,732,140,371,90,117,61,311,197,94,16,88,162,816,0.4,0.377,0.769,27.4,9.2,3.5,2.2
103,Dan Dickau\dickada01,2006,2006,1,19,234,17,46,10,20,18,18,5,16,40,11,1,18,40,62,0.37,0.5,1,12.3,3.3,0.8,2.1
104,Dick Dickey\dickedi01,1952,1952,1,45,440,40,136,,,47,69,,81,50,,,,79,127,0.294,,0.681,9.8,2.8,1.8,1.1
105,Ernie DiGregorio\digreer01,1978,1978,1,27,274,47,109,,,12,13,2,27,66,12,1,47,22,106,0.431,,0.923,10.1,3.9,1,2.4
106,Bill Dinwiddie\dinwibi01,1971,1971,1,61,717,123,328,,,54,74,,209,34,,,,90,300,0.375,,0.73,11.8,4.9,3.4,0.6
107,Bob Doll\dollbo01,1949,1950,2,94,,265,785,,,155,231,,,225,,,,235,685,0.338,,0.671,,7.3,,2.4
108,Bob Donham\donhabo01,1951,1954,4,273,4866,662,1379,,,494,975,,1071,706,,,,850,1818,0.48,,0.507,23.7,6.7,3.9,2.6
109,Keyon Dooling\doolike01,2012,2012,1,46,662,66,163,27,81,23,31,3,39,51,13,2,34,57,182,0.405,0.333,0.742,14.4,4,0.8,1.1
110,Sherman Douglas\douglsh01,1992,1996,5,269,7657,1191,2524,41,183,558,862,201,605,1829,241,32,645,573,2981,0.472,0.224,0.647,28.5,11.1,2.2,6.8
111,Steve Downing\downist01,1974,1975,2,27,146,21,66,,,22,40,14,41,11,5,0,,33,64,0.318,,0.55,5.4,2.4,1.5,0.4
112,PJ Dozier\doziepj01,2019,2019,1,6,51,8,21,2,8,1,2,6,17,5,2,0,0,2,19,0.381,0.25,0.5,8.5,3.2,2.8,0.8
113,Nate Driggers\driggna01,1997,1997,1,15,132,13,43,0,9,10,14,12,22,6,3,2,6,10,36,0.302,0,0.714,8.8,2.4,1.5,0.4
114,Terry Duerod\duerote01,1981,1982,2,53,260,64,150,6,11,17,26,8,20,18,8,1,12,17,151,0.427,0.545,0.654,4.9,2.8,0.4,0.3
115,Bob Duffy\duffybo01,1947,1947,1,6,,2,7,,,4,4,,,0,,,,4,8,0.286,,1,,1.3,,0
116,Andy Duncan\duncaan01,1951,1951,1,14,,7,40,,,15,22,,30,8,,,,32,29,0.175,,0.682,,2.1,2.1,0.6
117,Acie Earl\earlac01,1994,1995,2,104,1357,177,440,0,1,122,189,104,292,14,30,61,86,217,476,0.402,0,0.646,13,4.6,2.8,0.1
118,Jarell Eddie\eddieja01,2018,2018,1,2,6,0,1,0,1,0,0,0,1,0,1,0,0,0,0,0,0,,3,0,0.5,0
119,Tyus Edney\edneyty01,1998,1998,1,52,623,93,216,3,10,88,111,20,55,139,51,1,66,69,277,0.431,0.3,0.793,12,5.3,1.1,2.7
120,Blue Edwards\edwarbl01,1995,1995,1,31,507,83,195,11,43,43,48,25,65,47,19,10,39,64,220,0.426,0.256,0.896,16.4,7.1,2.1,1.5
121,Carsen Edwards\edwarca01,2020,2020,1,35,316,37,113,21,68,11,13,6,43,22,10,3,15,33,106,0.327,0.309,0.846,9,3,1.2,0.6
122,Bulbs Ehlers\ehlerbu01,1948,1949,2,99,,286,1000,,,228,369,,,177,,,,211,800,0.286,,0.618,,8.1,,1.8
123,Don Eliason\eliasdo01,1947,1947,1,1,,0,1,,,0,0,,,0,,,,1,0,0,,,,0,,0
124,Pervis Ellison\ellispe01,1995,2000,5,193,3355,362,724,0,2,184,276,365,962,144,96,201,208,564,908,0.5,0,0.667,17.4,4.7,5,0.7
125,Wayne Embry\embrywa01,1967,1968,2,150,1817,340,842,,,191,329,,615,94,,,,311,871,0.404,,0.581,12.1,5.8,4.1,0.6
126,Gene Englund\engluge01,1950,1950,1,24,,55,148,,,86,106,,,17,,,,97,196,0.372,,0.811,,8.2,,0.7
127,Semih Erden\erdense01,2011,2011,1,37,531,58,97,0,0,34,54,31,107,19,13,21,32,92,150,0.598,,0.63,14.4,4.1,2.9,0.5
128,Johnny Ezersky\ezersjo01,1949,1950,2,34,,104,321,,,84,131,,,51,,,,88,292,0.324,,0.641,,8.6,,1.5
129,Tacko Fall\fallta01,2020,2020,1,6,24,9,12,0,0,1,3,0,11,0,0,2,3,5,19,0.75,,0.333,4,3.2,1.8,0
130,Phil Farbman\farbmph01,1949,1949,1,21,,21,78,,,30,38,,,18,,,,36,72,0.269,,0.789,,3.4,,0.9
131,Vítor Faverani\favervi01,2014,2014,1,37,488,64,147,12,40,24,37,42,128,16,14,27,41,74,164,0.435,0.3,0.649,13.2,4.4,3.5,0.4
132,Warren Fenley\fenlewa01,1947,1947,1,33,,31,138,,,23,45,,,16,,,,59,85,0.225,,0.511,,2.6,,0.5
133,Eric Fernsten\fernser01,1980,1982,3,144,912,128,281,0,0,72,112,81,200,46,28,26,53,95,328,0.456,,0.643,6.3,2.3,1.4,0.3
134,Hank Finkel\finkeha01,1970,1975,6,436,5277,817,1858,,,371,572,74,1605,328,10,10,,823,2005,0.44,,0.649,12.1,4.6,3.7,0.8
135,Michael Finley\finlemi01,2010,2010,1,21,314,44,87,19,41,2,6,1,33,24,4,2,8,21,109,0.506,0.463,0.333,15,5.2,1.6,1.1
136,Jack Foley\foleyja01,1963,1963,1,5,46,13,26,,,6,8,,7,0,,,,3,32,0.5,,0.75,9.2,6.4,1.4,0
137,Chris Ford\fordch01,1979,1982,4,309,9058,1357,2973,126,336,354,476,316,708,1021,367,84,484,733,3194,0.456,0.375,0.744,29.3,10.3,2.3,3.3
138,Joseph Forte\fortejo01,2002,2002,1,8,39,1,12,0,3,4,4,1,6,6,2,0,3,1,6,0.083,0,1,4.9,0.8,0.8,0.8
139,Danny Fortson\fortsda01,2000,2000,1,55,856,140,265,0,0,139,189,141,366,29,20,5,67,180,419,0.528,,0.735,15.6,7.6,6.7,0.5
140,Rick Fox\foxri01,1992,1997,6,444,10990,1788,3862,291,818,892,1155,566,1733,1250,552,203,830,1330,4759,0.463,0.356,0.772,24.8,10.7,3.9,2.8
141,Kevin Gamble\gamblke01,1989,1994,6,436,10988,2067,3988,91,309,670,821,305,1112,1003,360,141,466,873,4895,0.518,0.294,0.816,25.2,11.2,2.6,2.3
142,Jack Garfinkel\garfija01,1947,1949,3,92,,207,754,,,62,88,,,134,,,,159,476,0.275,,0.705,,5.2,,1.5
143,Kevin Garnett\garneke01,2008,2013,6,396,12266,2576,4951,9,54,1072,1296,515,3301,1078,460,394,661,904,6233,0.52,0.167,0.827,31,15.7,8.3,2.7
144,Marlon Garnett\garnema01,1999,1999,1,24,205,15,51,6,23,15,20,3,21,18,5,1,12,18,51,0.294,0.261,0.75,8.5,2.1,0.9,0.8
145,Hoot Gibson\gibsoho01,1950,1950,1,2,,3,4,,,1,4,,,1,,,,3,7,0.75,,0.25,,3.5,,0.5
146,Jonathan Gibson\gibsojo01,2018,2018,1,4,40,14,23,6,12,0,0,0,3,4,0,0,3,5,34,0.609,0.5,,10,8.5,0.8,1
147,J.R. Giddens\giddejr01,2009,2010,2,27,107,11,24,0,2,6,12,6,23,6,5,1,8,11,28,0.458,0,0.5,4,1,0.9,0.2
148,Artis Gilmore\gilmoar01,1988,1988,1,47,521,58,101,0,0,48,91,54,148,12,10,18,39,94,164,0.574,,0.527,11.1,3.5,3.1,0.3
149,Clarence Glover\glovecl01,1972,1972,1,25,119,25,55,,,15,32,,46,4,,,,26,65,0.455,,0.469,4.8,2.6,1.8,0.2
150,Ryan Gomes\gomesry01,2006,2007,2,134,3651,511,1078,19,51,301,382,227,705,177,83,18,160,252,1342,0.474,0.373,0.788,27.2,10,5.3,1.3
151,Mal Graham\grahama01,1968,1969,2,70,889,130,327,,,67,102,,118,75,,,,150,327,0.398,,0.657,12.7,4.7,1.7,1.1
152,Ron Grandison\grandro01,1989,1989,1,72,528,59,142,0,10,59,80,47,92,42,18,3,36,71,177,0.415,0,0.738,7.3,2.5,1.3,0.6
153,Wyndol Gray\graywy01,1947,1947,1,55,,139,476,,,72,124,,,47,,,,105,350,0.292,,0.581,,6.4,,0.9
154,Gerald Green\greenge01,2006,2017,3,160,2692,471,1109,140,389,190,237,94,333,134,63,35,167,287,1272,0.425,0.36,0.802,16.8,8,2.1,0.8
155,Javonte Green\greenja02,2020,2020,1,44,414,49,98,6,23,23,36,18,80,23,23,7,18,37,127,0.5,0.261,0.639,9.4,2.9,1.8,0.5
156,Jeff Green\greenje02,2011,2015,4,222,6762,1162,2654,260,759,668,828,146,925,338,153,144,376,489,3252,0.438,0.343,0.807,30.5,14.6,4.2,1.5
157,Rickey Green\greenri01,1992,1992,1,26,367,46,103,1,4,13,18,3,24,68,17,1,18,28,106,0.447,0.25,0.722,14.1,4.1,0.9,2.6
158,Si Green\greensi01,1966,1966,1,10,92,12,31,,,8,16,,11,9,,,,16,32,0.387,,0.5,9.2,3.2,1.1,0.9
159,Orien Greene\greenor01,2006,2006,1,80,1235,100,253,9,40,45,68,37,145,129,77,10,109,181,254,0.395,0.225,0.662,15.4,3.2,1.8,1.6
160,Adrian Griffin\griffad01,2000,2001,2,116,2304,208,510,25,83,137,182,155,459,204,134,20,111,267,578,0.408,0.301,0.753,19.9,5,4,1.8
161,Gene Guarilia\guarige01,1960,1963,4,129,1082,168,447,,,77,126,,294,36,,,,146,413,0.376,,0.611,8.4,3.2,2.3,0.3
162,Tom Gugliotta\guglito01,2005,2005,1,20,218,11,37,0,0,4,6,15,43,12,9,4,9,23,26,0.297,,0.667,10.9,1.3,2.2,0.6
163,Chick Halbert\halbech01,1949,1949,1,33,,99,338,,,112,188,,,61,,,,97,310,0.293,,0.596,,9.4,,1.8
164,Steve Hamer\hamerst01,1997,1997,1,35,268,30,57,0,2,16,29,17,60,7,2,4,13,39,76,0.526,0,0.552,7.7,2.2,1.7,0.2
165,Thomas Hamilton\hamilth01,1996,1996,1,11,70,9,31,0,0,7,18,10,22,1,0,9,9,12,25,0.29,,0.389,6.4,2.3,2,0.1
166,Cecil Hankins\hankice01,1948,1948,1,25,,23,116,,,24,35,,,8,,,,28,70,0.198,,0.686,,2.8,,0.3
167,Phil Hankinson\hankiph01,1974,1975,2,31,187,56,114,,,10,13,23,57,6,4,1,,21,122,0.491,,0.769,6,3.9,1.8,0.2
168,Reggie Hanson\hansore01,1998,1998,1,8,26,3,6,0,0,0,0,3,6,1,2,1,3,8,6,0.5,,,3.3,0.8,0.8,0.1
169,Luke Harangody\haranlu01,2011,2011,1,28,241,28,71,2,10,5,8,17,55,10,4,7,5,36,63,0.394,0.2,0.625,8.6,2.3,2,0.4
170,Bob Harris\harribo01,1951,1954,4,251,5768,623,1569,,,446,714,,1780,365,,,,794,1692,0.397,,0.625,27.9,6.7,7.1,1.5
171,Tony Harris\harrito01,1994,1995,2,8,106,12,39,3,10,31,34,3,10,8,4,0,7,10,58,0.308,0.3,0.912,13.3,7.3,1.3,1
172,John Havlicek\havlijo01,1963,1978,16,1270,46471,10513,23930,,,5369,6589,610,8007,6114,476,117,204,3281,26395,0.439,,0.815,36.6,20.8,6.3,4.8
173,Michael Hawkins\hawkimi01,1997,1997,1,29,326,29,68,10,31,12,15,9,31,64,16,1,28,40,80,0.426,0.323,0.8,11.2,2.8,1.1,2.2
174,Gordon Hayward\haywago01,2018,2020,3,118,3369,602,1244,151,421,250,298,96,617,429,97,43,184,186,1605,0.484,0.359,0.839,28.6,13.6,5.2,3.6
175,John Hazen\hazenjo01,1949,1949,1,6,,6,17,,,6,7,,,3,,,,10,18,0.353,,0.857,,3,,0.5
176,Tom Heinsohn\heinsto01,1957,1965,9,654,19254,4773,11787,,,2648,3353,,5749,1318,,,,2454,12194,0.405,,0.79,29.4,18.6,8.8,2
177,Dick Hemric\hemridi01,1956,1957,2,138,2384,270,717,,,323,483,,703,102,,,,240,863,0.377,,0.669,17.3,6.3,5.1,0.7
178,Gerald Henderson\hendege01,1980,1984,5,400,8152,1467,3002,28,107,559,768,252,638,1107,418,55,708,871,3521,0.489,0.262,0.728,20.4,8.8,1.6,2.8
179,Conner Henry\henryco01,1987,1988,2,46,312,49,131,15,39,19,27,9,37,39,7,2,26,38,132,0.374,0.385,0.704,6.8,2.9,0.8,0.8
180,Kleggie Hermsen\hermskl01,1951,1953,2,27,22,60,200,,,30,51,,7,20,,,,76,150,0.3,,0.588,5.5,5.6,1.8,0.7
181,Chris Herren\herrech01,2001,2001,1,25,408,29,96,16,55,9,12,4,21,56,14,0,20,43,83,0.302,0.291,0.75,16.3,3.3,0.8,2.2
182,Sonny Hertzberg\hertzso01,1950,1951,2,133,,481,1516,,,366,461,,260,444,,,,309,1328,0.317,,0.794,,10,4,3.3
183,Jack Hewson\hewsoja01,1948,1948,1,24,,22,89,,,21,30,,,1,,,,39,65,0.247,,0.7,,2.7,,0
184,Mel Hirsch\hirscme01,1947,1947,1,13,,9,45,,,1,2,,,10,,,,18,19,0.2,,0.5,,1.5,,0.8
185,Charlie Hoefer\hoefech01,1947,1948,2,42,,79,335,,,63,101,,,27,,,,98,221,0.236,,0.624,,5.3,,0.6
186,Ryan Hollins\holliry01,2012,2012,1,15,160,18,28,0,0,6,20,9,26,3,1,5,11,23,42,0.643,,0.3,10.7,2.8,1.7,0.2
187,Al Horford\horfoal01,2017,2019,3,208,6443,1134,2277,256,671,280,350,318,1453,959,154,250,349,402,2804,0.498,0.382,0.8,31,13.5,7,4.6
188,Bob Houbregs\houbrbo01,1955,1955,1,,,,,,,,,,,,,,,,,,,,,,,
189,Eddie House\houseed01,2008,2010,3,209,3805,595,1413,332,805,111,129,37,393,292,148,24,158,288,1633,0.421,0.412,0.86,18.2,7.8,1.9,1.4
190,Bailey Howell\howelba01,1967,1970,4,323,9909,2290,4766,,,1232,1666,,2717,493,,,,1127,5812,0.48,,0.739,30.7,18,8.4,1.5
191,Lester Hudson\hudsole01,2010,2010,1,16,70,7,18,3,5,5,6,3,8,8,3,2,9,7,22,0.389,0.6,0.833,4.4,1.4,0.5,0.5
192,Jay Humphries\humphja01,1995,1995,1,6,52,4,9,0,1,2,4,2,3,10,2,0,5,10,10,0.444,0,0.5,8.7,1.7,0.5,1.7
193,Kris Humphries\humphkr01,2014,2014,1,69,1376,231,461,0,2,117,144,127,409,67,31,61,64,136,579,0.501,0,0.813,19.9,8.4,5.9,1
194,Brandon Hunter\huntebr01,2004,2004,1,36,406,53,116,0,3,19,43,50,118,19,13,1,22,40,125,0.457,0,0.442,11.3,3.5,3.3,0.5
195,R.J. Hunter\hunterj01,2016,2019,2,37,341,42,111,23,73,7,9,3,40,16,15,4,11,32,114,0.378,0.315,0.778,9.2,3.1,1.1,0.4
196,Kyrie Irving\irvinky01,2018,2019,2,127,4145,1138,2328,340,841,446,506,104,562,770,168,51,312,289,3062,0.489,0.404,0.881,32.6,24.1,4.4,6.1
197,Demetrius Jackson\jacksde01,2017,2017,1,5,17,3,4,1,1,3,6,2,4,3,0,0,0,0,10,0.75,1,0.5,3.4,2,0.8,0.6
198,Tracy Jackson\jackstr01,1982,1982,1,11,66,10,26,0,0,6,10,7,12,5,3,0,6,5,26,0.385,,0.6,6,2.4,1.1,0.5
199,Mike James\jamesmi01,2004,2004,1,55,1684,213,510,86,226,76,95,20,176,244,70,2,83,113,588,0.418,0.381,0.8,30.6,10.7,3.2,4.4
200,John Janisch\janisjo01,1948,1948,1,3,,1,7,,,1,2,,,0,,,,3,3,0.143,,0.5,,1,,0
201,Al Jefferson\jeffeal01,2005,2007,3,199,4432,837,1630,0,8,372,564,453,1367,142,100,207,264,593,2046,0.513,0,0.66,22.3,10.3,6.9,0.7
202,Jonas Jerebko\jerebjo01,2015,2017,3,185,2935,310,729,114,302,112,145,182,700,163,64,48,109,317,846,0.425,0.377,0.772,15.9,4.6,3.8,0.9
203,Amir Johnson\johnsam01,2016,2017,2,159,3408,462,796,37,109,136,221,296,871,278,103,145,171,425,1097,0.58,0.339,0.615,21.4,6.9,5.5,1.7
204,Chris Johnson\johnsch03,2011,2011,1,4,32,2,3,0,0,2,2,1,5,1,0,3,2,3,6,0.667,,1,8,1.5,1.3,0.3
205,Chris Johnson\johnsch04,2014,2014,1,40,789,85,214,43,127,37,43,31,97,31,27,4,22,63,250,0.397,0.339,0.86,19.7,6.3,2.4,0.8
206,Dennis Johnson\johnsde01,1984,1990,7,541,18321,2617,5873,44,282,1527,1817,433,1757,3486,654,233,1221,1476,6805,0.446,0.156,0.84,33.9,12.6,3.2,6.4
207,JaJuan Johnson\johnsja02,2012,2012,1,36,298,54,121,0,0,6,9,20,58,6,5,14,14,25,114,0.446,,0.667,8.3,3.2,1.6,0.2
208,Joe Johnson\johnsjo02,2002,2002,1,48,1003,130,296,24,88,20,26,40,139,74,33,9,28,59,304,0.439,0.273,0.769,20.9,6.3,2.9,1.5
209,Rich Johnson\johnsri01,1969,1971,3,97,1074,200,442,,,57,93,,265,39,,,,198,457,0.452,,0.613,11.1,4.7,2.7,0.4
210,Damon Jones\jonesda01,1999,1999,1,13,213,29,75,15,33,3,4,4,31,29,6,0,12,16,76,0.387,0.455,0.75,16.4,5.8,2.4,2.2
211,Dontae' Jones\jonesdo01,1998,1998,1,15,91,19,57,6,23,0,0,3,9,5,2,3,11,12,44,0.333,0.261,,6.1,2.9,0.6,0.3
212,Dwayne Jones\jonesdw02,2006,2006,1,14,87,4,10,0,0,6,13,10,31,2,1,3,3,14,14,0.4,,0.462,6.2,1,2.2,0.1
213,Johnny Jones\jonesjo01,1968,1968,1,51,475,86,253,,,42,68,,114,26,,,,60,214,0.34,,0.618,9.3,4.2,2.2,0.5
214,Jumaine Jones\jonesju01,2004,2004,1,42,373,33,96,13,44,14,23,24,68,14,12,9,19,48,93,0.344,0.295,0.609,8.9,2.2,1.6,0.3
215,K.C. Jones\joneskc01,1959,1967,9,676,17501,1919,4961,,,1173,1814,,2399,2908,,,,1816,5011,0.387,,0.647,25.9,7.4,3.5,4.3
216,Popeye Jones\jonespo01,1999,1999,1,18,206,20,51,0,1,14,17,28,52,15,5,0,7,31,54,0.392,0,0.824,11.4,3,2.9,0.8
217,Sam Jones\jonessa01,1958,1969,12,871,24285,6271,13745,,,2869,3572,,4305,2209,,,,1735,15411,0.456,,0.803,27.9,17.7,4.9,2.5
218,Kris Joseph\josepkr01,2013,2013,1,6,24,2,11,0,2,3,4,1,5,1,0,0,2,2,7,0.182,0,0.75,4,1.2,0.8,0.2
219,Jeff Judkins\judkije01,1979,1980,2,146,2195,434,863,11,27,181,222,102,257,192,110,17,158,275,1060,0.503,0.407,0.815,15,7.3,1.8,1.3
220,George Kaftan\kaftage01,1949,1950,2,76,,315,850,,,208,323,,,206,,,,120,838,0.371,,0.644,,11,,2.7
221,Enes Kanter\kanteen01,2020,2020,1,51,891,176,311,1,7,63,89,141,394,49,21,38,52,85,416,0.566,0.143,0.708,17.5,8.2,7.7,1
222,Tony Kappen\kappeto01,1947,1947,1,18,,25,91,,,24,38,,,6,,,,17,74,0.275,,0.632,,4.1,,0.3
223,Jerry Kelly\kellyje01,1947,1947,1,43,,91,313,,,74,111,,,21,,,,128,256,0.291,,0.667,,6,,0.5
224,Tom Kelly\kellyto01,1949,1949,1,27,,73,218,,,45,73,,,38,,,,73,191,0.335,,0.616,,7.1,,1.4
225,Toby Kimball\kimbato01,1967,1967,1,38,222,35,97,,,27,40,,146,13,,,,42,97,0.361,,0.675,5.8,2.6,3.8,0.3
226,Maurice King\kingma01,1960,1960,1,1,19,5,8,,,0,1,,4,2,,,,3,10,0.625,,0,19,10,4,2
227,Stacey King\kingst01,1997,1997,1,5,33,5,7,0,0,2,3,1,9,1,0,1,1,3,12,0.714,,0.667,6.6,2.4,1.8,0.2
228,Bob Kinney\kinnebo01,1949,1950,2,81,,308,845,,,255,411,,,126,,,,340,871,0.364,,0.62,,10.8,,1.6
229,Greg Kite\kitegr01,1984,1988,5,241,1916,153,378,0,2,72,169,171,472,70,27,97,124,371,378,0.405,0,0.426,8,1.6,2,0.3
230,Joe Kleine\kleinjo01,1989,1993,5,329,4833,589,1274,4,21,265,339,444,1378,170,85,77,218,566,1447,0.462,0.19,0.782,14.7,4.4,4.2,0.5
231,Billy Knight\knighbi01,1979,1979,1,40,1119,219,436,,,118,146,41,173,66,31,3,129,86,556,0.502,,0.808,28,13.9,4.3,1.7
232,Travis Knight\knightr01,1998,1998,1,74,1503,193,438,15,55,81,103,146,365,104,54,82,87,253,482,0.441,0.273,0.786,20.3,6.5,4.9,1.4
233,Bart Kofoed\kofoeba01,1993,1993,1,7,41,3,13,0,1,11,14,0,1,10,2,1,3,1,17,0.231,0,0.786,5.9,2.4,0.1,1.4
234,Harold Kottman\kottmha01,1947,1947,1,53,,59,188,,,47,101,,,17,,,,58,165,0.314,,0.465,,3.1,,0.3
235,Wayne Kreklow\kreklwa01,1981,1981,1,25,100,11,47,1,4,7,10,2,12,9,2,1,10,20,30,0.234,0.25,0.7,4,1.2,0.5,0.4
236,Nenad Krstić\krstine01,2011,2011,1,24,553,79,147,0,0,60,80,47,128,8,8,8,23,77,218,0.537,,0.75,23,9.1,5.3,0.3
237,Steve Kuberski\kuberst01,1970,1978,8,499,7295,1185,2829,,,559,731,259,1998,300,26,23,2,846,2929,0.419,,0.765,14.6,5.9,4,0.6
238,Frank Kudelka\kudelfr01,1951,1951,1,27,,54,150,,,20,27,,,30,,,,62,128,0.36,,0.741,,4.7,,1.1
239,Oliver Lafayette\lafayol01,2010,2010,1,1,22,3,6,1,2,0,0,1,4,2,0,0,1,0,7,0.5,0.5,,22,7,4,2
240,Raef LaFrentz\lafrera01,2004,2006,3,179,4557,636,1364,202,551,181,236,264,1038,237,79,184,146,582,1655,0.466,0.367,0.767,25.5,9.2,5.8,1.3
241,Marcus Landry\landrma01,2010,2010,1,1,3,0,2,0,2,0,0,0,0,0,0,0,0,0,0,0,0,,3,0,0,0
242,Romeo Langford\langfro01,2020,2020,1,27,298,24,64,5,23,16,23,14,32,6,8,6,9,29,69,0.375,0.217,0.696,11,2.6,1.2,0.2
243,Shane Larkin\larkish01,2018,2018,1,54,775,84,219,31,86,32,37,15,92,98,29,2,33,58,231,0.384,0.36,0.865,14.4,4.3,1.7,1.8
244,Tony Lavelli\lavelto01,1950,1950,1,56,,162,436,,,168,197,,,40,,,,107,492,0.372,,0.853,,8.8,,0.7
245,Courtney Lee\leeco01,2013,2014,2,108,2445,336,713,81,208,80,94,39,239,175,109,30,109,176,833,0.471,0.389,0.851,22.6,7.7,2.2,1.6
246,David Lee\leeda02,2016,2016,1,30,470,87,192,0,1,40,51,41,130,54,12,13,38,51,214,0.453,0,0.784,15.7,7.1,4.3,1.8
247,Ed Leede\leedeed01,1950,1951,2,121,,293,877,,,363,505,,118,225,,,,311,949,0.334,,0.719,,7.8,2.1,1.9
248,Reggie Lewis\lewisre01,1988,1993,6,450,14676,3198,6550,27,135,1479,1794,577,1938,1153,569,417,708,1268,7902,0.488,0.2,0.824,32.6,17.6,4.3,2.6
249,Todd Lichti\lichtto01,1994,1994,1,4,48,6,14,0,0,7,14,2,8,6,5,1,3,4,19,0.429,,0.5,12,4.8,2,1.5
250,Alton Lister\listeal01,1996,1997,2,110,1163,79,173,0,0,62,93,126,419,28,14,53,74,216,220,0.457,,0.667,10.6,2,3.8,0.3
251,Brad Lohaus\lohaubr01,1988,1989,2,118,1456,239,516,3,17,85,108,93,280,98,41,67,108,224,566,0.463,0.176,0.787,12.3,4.8,2.4,0.8
252,Grant Long\longgr01,2003,2003,1,41,488,27,70,0,3,18,23,24,83,25,9,1,19,62,72,0.386,0,0.783,11.9,1.8,2,0.6
253,Jim Loscutoff\loscuji01,1956,1964,9,511,9431,1333,3868,,,490,750,,2848,353,,,,1497,3156,0.345,,0.653,18.5,6.2,5.6,0.7
254,Clyde Lovellette\lovelcl01,1963,1964,2,106,1005,289,681,,,118,155,,303,51,,,,237,696,0.424,,0.761,9.5,6.6,2.9,0.5
255,Al Lucas\lucasal01,1949,1949,1,2,,1,3,,,0,0,,,2,,,,0,2,0.333,,,,1,,1
256,Ed Macauley\macaued01,1951,1956,6,416,13385,2579,5766,,,2724,3518,,3367,1521,,,,1064,7882,0.447,,0.774,38.5,18.9,8.1,3.7
257,John Mahnken\mahnkjo01,1950,1953,4,199,1352,300,945,,,123,189,,498,247,,,,427,723,0.317,,0.651,10.5,3.6,2.8,1.2
258,Mo Mahoney\mahonmo01,1953,1953,1,6,34,4,10,,,4,5,,7,1,,,,7,12,0.4,,0.8,5.7,2,1.2,0.2
259,Pete Maravich\maravpe01,1980,1980,1,26,442,123,249,3,4,50,55,10,38,29,9,2,37,49,299,0.494,0.75,0.909,17,11.5,1.5,1.1
260,Stephon Marbury\marbust01,2009,2009,1,23,414,38,111,6,25,6,13,2,28,75,10,3,37,34,88,0.342,0.24,0.462,18,3.8,1.2,3.3
261,Saul Mariaschin\mariasa01,1948,1948,1,43,,125,463,,,83,117,,,60,,,,121,333,0.27,,0.709,,7.7,,1.4
262,Tony Massenburg\masseto01,1992,1992,1,7,46,4,9,0,0,2,4,2,9,0,0,1,2,7,10,0.444,,0.5,6.6,1.4,1.3,0
263,Cedric Maxwell\maxwece01,1978,1985,8,607,18495,2786,4984,1,13,2738,3496,1618,4023,1390,549,378,1445,1768,8311,0.559,0.077,0.783,30.5,13.7,6.6,2.3
264,Bob McAdoo\mcadobo01,1979,1979,1,20,637,167,334,,,77,115,36,141,40,12,20,64,55,411,0.5,,0.67,31.9,20.6,7.1,2
265,Johnny McCarthy\mccarjo01,1964,1964,1,28,206,16,48,,,5,13,,35,24,,,,42,37,0.333,,0.385,7.4,1.3,1.3,0.9
266,Walter McCarty\mccarwa01,1998,2005,8,494,9476,1000,2534,417,1194,389,547,379,1402,623,355,153,465,1062,2806,0.395,0.349,0.711,19.2,5.7,2.8,1.3
267,Xavier McDaniel\mcdanxa01,1993,1995,3,232,5616,1090,2309,22,84,424,579,404,1189,397,150,110,376,588,2626,0.472,0.262,0.732,24.2,11.3,5.1,1.7
268,Glenn McDonald\mcdongl01,1975,1976,2,137,1414,261,638,,,68,93,76,203,92,47,25,,181,590,0.409,,0.731,10.3,4.3,1.5,0.7
269,Kevin McHale\mchalke01,1981,1993,13,971,30118,6830,12334,41,157,3634,4554,2358,7122,1670,344,1690,1893,2758,17335,0.554,0.261,0.798,31,17.9,7.3,1.7
270,Bones McKinney\mckinbo01,1951,1952,2,97,1083,226,702,,,120,154,,354,190,,,,270,572,0.322,,0.779,17.2,5.9,3.6,2
271,Dick Mehen\mehendi01,1951,1951,1,7,,17,52,,,10,15,,26,11,,,,14,44,0.327,,0.667,,6.3,3.7,1.6
272,Fab Melo\melofa01,2013,2013,1,6,36,3,6,0,0,1,4,0,3,0,2,2,1,7,7,0.5,,0.25,6,1.2,0.5,0
273,Ron Mercer\mercero01,1998,1999,2,121,4213,820,1852,8,58,271,329,146,435,280,192,29,221,294,1919,0.443,0.138,0.824,34.8,15.9,3.6,2.3
274,Jordan Mickey\mickejo01,2016,2017,2,41,198,23,56,0,1,13,24,19,47,8,3,17,10,17,59,0.411,0,0.542,4.8,1.4,1.1,0.2
275,Chris Mihm\mihmch01,2004,2004,1,54,939,127,254,0,0,76,118,109,273,11,28,41,65,150,330,0.5,,0.644,17.4,6.1,5.1,0.2
276,Ed Mikan\mikaned01,1954,1954,1,9,71,8,24,,,5,9,,20,3,,,,15,21,0.333,,0.556,7.9,2.3,2.2,0.3
277,Darko Miličić\milicda01,2013,2013,1,1,5,0,1,0,0,0,0,0,1,0,0,0,2,1,0,0,,,5,0,1,0
278,Dirk Minniefield\minnidi01,1988,1988,1,61,868,83,173,3,11,27,32,22,75,190,44,3,77,107,196,0.48,0.273,0.844,14.2,3.2,1.2,3.1
279,Greg Minor\minorgr01,1995,1999,5,277,5144,794,1662,24,106,290,378,258,741,384,156,46,225,464,1902,0.478,0.226,0.767,18.6,6.9,2.7,1.4
280,Mark Minor\minorma01,1973,1973,1,4,20,1,4,,,3,4,,4,2,,,,5,5,0.25,,0.75,5,1.3,1,0.5
281,Jérôme Moïso\moisoje01,2001,2001,1,24,135,12,30,0,1,11,26,12,42,3,3,4,18,29,35,0.4,0,0.423,5.6,1.5,1.8,0.1
282,Greg Monroe\monrogr01,2018,2019,2,28,501,108,203,0,0,55,69,56,168,60,28,17,48,48,271,0.532,,0.797,17.9,9.7,6,2.1
283,Eric Montross\montrer01,1995,1996,2,139,3747,503,921,0,1,217,396,315,918,79,48,90,195,480,1223,0.546,0,0.548,27,8.8,6.6,0.6
284,E'Twaun Moore\mooreet01,2012,2012,1,38,331,43,113,17,45,7,7,4,33,34,11,3,21,33,110,0.381,0.378,1,8.7,2.9,0.9,0.9
285,Mikki Moore\mooremi01,2003,2009,2,27,468,51,86,0,0,14,19,32,107,25,4,7,21,102,116,0.593,,0.737,17.3,4.3,4,0.9
286,Rex Morgan\morgare01,1971,1972,2,62,416,57,152,,,58,85,,91,39,,,,92,172,0.375,,0.682,6.7,2.8,1.5,0.6
287,Marcus Morris\morrima03,2018,2019,2,129,3538,639,1455,232,623,270,327,119,747,181,78,37,157,281,1780,0.439,0.372,0.826,27.4,13.8,5.8,1.4
288,Red Morrison\morrire01,1955,1956,2,142,2137,209,524,,,116,204,,796,135,,,,381,534,0.399,,0.569,15,3.8,5.6,1
289,Joe Mullaney\mullajo01,1950,1950,1,37,,9,70,,,12,15,,,52,,,,30,30,0.129,,0.8,,0.8,,1.4
290,Todd Mundt\mundtto01,1996,1996,1,9,33,3,9,0,0,0,0,1,3,1,1,1,0,6,6,0.333,,,3.7,0.7,0.3,0.1
291,George Munroe\munroge01,1948,1948,1,21,,27,91,,,17,26,,,3,,,,20,71,0.297,,0.654,,3.4,,0.1
292,Dick Murphy\murphdi01,1947,1947,1,7,,1,17,,,0,4,,,3,,,,6,2,0.059,,0,,0.3,,0.4
293,Troy Murphy\murphtr01,2011,2011,1,17,178,16,38,1,10,11,13,11,38,6,8,1,7,19,44,0.421,0.1,0.846,10.5,2.6,2.2,0.4
294,Abdel Nader\naderab01,2018,2018,1,48,522,50,149,23,65,23,39,13,71,26,15,10,34,45,146,0.336,0.354,0.59,10.9,3,1.5,0.5
295,Willie Naulls\naullwi01,1964,1966,3,220,4307,951,2370,,,372,464,,1011,208,,,,630,2274,0.401,,0.802,19.6,10.3,4.6,0.9
296,Don Nelson\nelsodo01,1966,1976,11,872,18970,3717,7672,,,2534,3296,273,4517,1354,65,35,,2094,9968,0.484,,0.769,21.8,11.4,5.2,1.6
297,Jameer Nelson\nelsoja01,2015,2015,1,6,121,9,41,5,25,6,9,3,17,33,7,0,9,13,29,0.22,0.2,0.667,20.2,4.8,2.8,5.5
298,Jack Nichols\nichoja01,1954,1958,5,314,7721,1077,2861,,,593,762,,1834,533,,,,930,2747,0.376,,0.778,24.6,8.7,7.2,1.7
299,Rich Niemann\niemari01,1970,1970,1,6,18,2,5,,,2,2,,6,2,,,,10,6,0.4,,1,3,1,1,0.3
300,Bevo Nordmann\nordmbe01,1965,1965,1,3,25,3,5,,,0,0,,8,3,,,,5,6,0.6,,,8.3,2,2.7,1
301,George Nostrand\nostrge01,1949,1950,2,45,,127,387,,,119,194,,,55,,,,120,373,0.328,,0.613,,8.3,,1.2
302,Stan Noszka\noszkst01,1948,1949,2,52,,57,220,,,39,65,,,29,,,,108,153,0.259,,0.6,,2.9,,0.6
303,Patrick O'Bryant\obryapa01,2009,2009,1,26,108,16,31,0,0,8,12,7,34,8,3,8,17,29,40,0.516,,0.667,4.2,1.5,1.3,0.3
304,Dermie O'Connell\oconnde01,1949,1950,2,58,,159,590,,,63,114,,,129,,,,102,381,0.269,,0.553,,6.6,,2.2
305,Jermaine O'Neal\onealje01,2011,2012,2,49,1001,102,229,0,1,50,74,62,223,22,10,73,48,145,254,0.445,0,0.676,20.4,5.2,4.6,0.4
306,Shaquille O'Neal\onealsh01,2011,2011,1,37,752,134,201,0,0,73,131,48,178,26,16,42,56,120,341,0.667,,0.557,20.3,9.2,4.8,0.7
307,Semi Ojeleye\ojelese01,2018,2020,3,190,2635,197,505,104,312,74,108,85,371,74,49,13,56,197,572,0.39,0.333,0.685,13.9,3,2,0.4
308,Jimmy Oliver\oliveji01,1994,1994,1,44,540,89,214,13,32,25,33,8,46,33,16,1,21,39,216,0.416,0.406,0.758,12.3,4.9,1,0.8
309,Michael Olowokandi\olowomi01,2006,2007,2,40,401,39,91,0,0,7,11,19,89,11,11,19,31,70,85,0.429,,0.636,10,2.1,2.2,0.3
310,Bud Olsen\olsenbu01,1969,1969,1,7,43,7,19,,,0,6,,14,4,,,,6,14,0.368,,0,6.1,2,2,0.6
311,Kelly Olynyk\olynyke01,2014,2017,4,278,5756,998,2094,254,691,378,509,377,1310,471,194,128,374,810,2628,0.477,0.368,0.743,20.7,9.5,4.7,1.7
312,Doug Overton\overtdo01,2000,2001,2,55,576,76,198,11,32,27,32,17,48,72,14,0,33,61,190,0.384,0.344,0.844,10.5,3.5,0.9,1.3
313,Milt Palacio\palacmi01,2001,2002,2,99,1659,178,402,24,70,114,143,33,152,205,69,3,104,121,494,0.443,0.343,0.797,16.8,5,1.5,2.1
314,Togo Palazzi\palazto01,1955,1957,3,137,1440,287,744,,,153,216,,403,80,,,,170,727,0.386,,0.708,10.5,5.3,2.9,0.6
315,Robert Parish\parisro01,1981,1994,14,1106,34977,7483,13558,0,5,3279,4491,3450,11051,1679,873,1703,2380,3125,18245,0.552,0,0.73,31.6,16.5,10,1.5
316,Sasha Pavlović\pavloal01,2011,2012,2,62,676,62,154,22,68,5,13,5,86,21,25,15,26,69,151,0.403,0.324,0.385,10.9,2.4,1.4,0.3
317,Jim Paxson\paxsoji02,1988,1990,3,157,2959,487,1058,11,57,211,254,49,178,293,94,17,139,255,1196,0.46,0.193,0.831,18.8,7.6,1.1,1.9
318,Gary Payton\paytoga01,2005,2005,1,77,2541,339,725,42,129,153,201,48,236,469,88,12,148,121,873,0.468,0.326,0.761,33,11.3,3.1,6.1
319,Kendrick Perkins\perkike01,2004,2011,8,454,10123,1169,2076,0,11,579,960,838,2751,457,134,646,748,1268,2917,0.563,0,0.603,22.3,6.4,6.1,1
320,Andy Phillip\phillan01,1957,1958,2,137,2640,202,550,,,130,208,,339,289,,,,242,534,0.367,,0.625,19.3,3.9,2.5,2.1
321,Gary Phillips\phillga01,1962,1962,1,67,713,110,310,,,50,86,,107,64,,,,109,270,0.355,,0.581,10.6,4,1.6,1
322,Paul Pierce\piercpa01,1999,2013,15,1102,40360,7882,17630,1823,4928,6434,7979,1008,6651,4305,1583,668,3213,3124,24021,0.447,0.37,0.806,36.6,21.8,6,3.9
323,Mickaël Piétrus\pietrmi01,2012,2012,1,42,921,104,270,61,182,20,31,18,130,25,21,10,33,81,289,0.385,0.335,0.645,21.9,6.9,3.1,0.6
324,Ed Pinckney\pincked01,1989,1994,6,340,6517,725,1359,0,3,610,757,734,1799,282,256,215,282,652,2060,0.533,0,0.806,19.2,6.1,5.3,0.8
325,Kevinn Pinkney\pinknke01,2007,2007,1,6,100,12,27,1,2,6,9,7,15,5,3,3,4,12,31,0.444,0.5,0.667,16.7,5.2,2.5,0.8
326,Vincent Poirier\poirivi01,2020,2020,1,21,114,16,33,1,2,6,7,10,34,7,2,6,6,23,39,0.485,0.5,0.857,5.4,1.9,1.6,0.3
327,Scot Pollard\pollasc01,2008,2008,1,22,173,12,23,0,0,15,22,14,37,3,3,6,5,43,39,0.522,,0.682,7.9,1.8,1.7,0.1
328,Dave Popson\popsoda01,1991,1991,1,19,64,13,32,0,0,9,10,7,14,2,1,2,6,12,35,0.406,,0.9,3.4,1.8,0.7,0.1
329,James Posey\poseyja01,2008,2008,1,74,1821,173,414,106,279,93,115,30,322,114,72,19,65,182,545,0.418,0.38,0.809,24.6,7.4,4.4,1.5
330,Vitaly Potapenko\potapvi01,1999,2002,4,273,5968,841,1723,0,1,371,544,646,1579,230,154,90,385,757,2053,0.488,0,0.682,21.9,7.5,5.8,0.8
331,Leon Powe\powele01,2007,2009,3,189,2756,410,784,0,3,427,604,337,787,71,53,76,166,423,1247,0.523,0,0.707,14.6,6.6,4.2,0.4
332,Dwight Powell\poweldw01,2015,2015,1,5,9,4,5,0,0,1,2,0,1,0,2,0,2,1,9,0.8,,0.5,1.8,1.8,0.2,0
333,Phil Pressey\pressph01,2014,2015,2,125,1732,142,427,44,171,62,94,33,185,358,98,11,128,151,390,0.333,0.257,0.66,13.9,3.1,1.5,2.9
334,Tayshaun Prince\princta01,2015,2015,1,9,198,33,59,5,8,5,6,6,30,18,5,2,4,7,76,0.559,0.625,0.833,22,8.4,3.3,2
335,Kevin Pritchard\pritcke01,1992,1992,1,11,136,16,34,0,3,14,18,1,11,30,3,4,11,17,46,0.471,0,0.778,12.4,4.2,1,2.7
336,Gabe Pruitt\pruitga01,2008,2009,2,62,461,45,140,17,60,18,23,10,51,52,20,3,24,44,125,0.321,0.283,0.783,7.4,2,0.8,0.8
337,Dino Radja\radjadi01,1994,1997,4,224,7308,1516,3052,0,3,701,954,497,1883,356,201,282,495,745,3733,0.497,0,0.735,32.6,16.7,8.4,1.6
338,Frank Ramsey\ramsefr01,1955,1964,9,623,15330,2949,7382,,,2480,3083,,3410,1134,,,,2158,8378,0.399,,0.804,24.6,13.4,5.5,1.8
339,Shavlik Randolph\randosh01,2013,2015,2,21,223,31,58,0,1,12,29,32,82,5,9,8,11,41,74,0.534,0,0.414,10.6,3.5,3.9,0.2
340,Theo Ratliff\ratlith01,2007,2007,1,2,44,1,3,0,0,3,4,2,7,0,1,3,1,6,5,0.333,,0.75,22,2.5,3.5,0
341,Allan Ray\rayal01,2007,2007,1,47,710,100,259,48,116,42,55,18,69,43,20,3,42,85,290,0.386,0.414,0.764,15.1,6.2,1.5,0.9
342,Justin Reed\reedju01,2005,2006,2,55,412,40,103,0,3,36,55,21,45,17,8,5,20,57,116,0.388,0,0.655,7.5,2.1,0.8,0.3
343,John Richter\richtjo01,1960,1960,1,66,808,113,332,,,59,117,,312,27,,,,158,285,0.34,,0.504,12.2,4.3,4.7,0.4
344,Mel Riebe\riebeme01,1948,1949,2,81,,348,1154,,,155,253,,,136,,,,234,851,0.302,,0.613,,10.5,,1.7
345,Eric Riley\rileyer01,1999,1999,1,35,337,28,54,0,0,22,31,36,99,13,9,26,26,73,78,0.519,,0.71,9.6,2.2,2.8,0.4
346,Arnie Risen\risenar01,1956,1958,3,174,3651,442,1197,,,390,563,,1199,191,,,,658,1274,0.369,,0.693,21,7.3,6.9,1.1
347,Ramón Rivas\rivasra01,1989,1989,1,28,91,12,31,0,1,16,25,9,24,3,4,1,9,21,40,0.387,0,0.64,3.3,1.4,0.9,0.1
348,Bill Roberts\roberbi01,1949,1949,1,26,,36,109,,,9,19,,,13,,,,34,81,0.33,,0.474,,3.1,,0.5
349,Fred Roberts\roberfr01,1987,1988,2,147,2111,300,600,0,9,252,318,114,352,143,38,35,157,247,852,0.5,0,0.792,14.4,5.8,2.4,1
350,Rick Robey\robeyri01,1979,1983,5,339,6442,1144,2241,0,4,541,858,622,1693,430,154,59,531,883,2829,0.51,0,0.631,19,8.3,5,1.3
351,Larry Robinson\robinla01,1992,1992,1,1,6,1,5,0,0,0,0,2,2,1,0,0,1,3,2,0.2,,,6,2,2,1
352,Nate Robinson\robinna01,2010,2011,2,81,1365,209,518,99,279,41,53,20,127,156,51,4,86,157,558,0.403,0.355,0.774,16.9,6.9,1.6,1.9
353,Rodney Rogers\rogerro01,2002,2002,1,27,626,107,222,39,95,35,50,34,107,40,16,12,42,78,288,0.482,0.411,0.7,23.2,10.7,4,1.5
354,Roy Rogers\rogerro02,1998,1998,1,9,37,3,8,0,0,1,2,0,5,1,2,4,1,6,7,0.375,,0.5,4.1,0.8,0.6,0.1
355,Kenny Rollins\rollike01,1953,1953,1,43,426,38,115,,,22,27,,45,46,,,,63,98,0.33,,0.815,9.9,2.3,1,1.1
356,Rajon Rondo\rondora01,2007,2015,9,527,17346,2402,5083,109,433,870,1418,591,2485,4474,990,71,1488,1181,5783,0.473,0.252,0.614,32.9,11,4.7,8.5
357,Curtis Rowe\rowecu01,1977,1979,3,183,4323,589,1251,,,288,404,341,1008,221,53,68,164,414,1466,0.471,,0.713,23.6,8,5.5,1.2
358,Terry Rozier\roziete01,2016,2019,4,272,5433,754,1983,335,945,247,318,159,973,631,200,52,214,316,2090,0.38,0.354,0.777,20,7.7,3.6,2.3
359,Bill Russell\russebi01,1957,1969,13,963,40726,5687,12930,,,3148,5614,,21620,4100,,,,2592,14522,0.44,,0.561,42.3,15.1,22.5,4.3
360,Ed Sadowski\sadowed01,1948,1948,1,47,,308,953,,,294,422,,,74,,,,182,910,0.323,,0.697,,19.4,,1.6
361,Kenny Sailors\sailoke01,1951,1951,1,10,,4,25,,,10,16,,3,8,,,,14,18,0.16,,0.625,,1.8,0.3,0.8
362,Frankie Sanders\sandefr01,1979,1979,1,24,216,55,119,,,22,27,22,51,17,7,3,23,25,132,0.462,,0.815,9,5.5,2.1,0.7
363,Tom Sanders\sandeto01,1961,1973,13,916,22164,3416,7988,,,1934,2520,,5798,1026,,,,3044,8766,0.428,,0.767,24.2,9.6,6.3,1.1
364,Woody Sauldsberry\sauldwo01,1966,1966,1,39,530,80,249,,,11,22,,142,15,,,,94,171,0.321,,0.5,13.6,4.4,3.6,0.4
365,Fred Saunders\saundfr01,1977,1978,2,94,1294,214,486,,,49,70,84,260,96,33,11,20,225,477,0.44,,0.7,13.8,5.1,2.8,1
366,Brian Scalabrine\scalabr01,2006,2010,5,264,3453,257,677,130,353,79,103,89,396,195,69,59,149,452,723,0.38,0.368,0.767,13.1,2.7,1.5,0.7
367,Dwayne Schintzius\schindw01,1999,1999,1,16,67,4,16,0,0,3,4,7,19,8,0,3,10,17,11,0.25,,0.75,4.2,0.7,1.2,0.5
368,Fred Scolari\scolafr01,1955,1955,1,59,619,76,249,,,39,49,,77,93,,,,76,191,0.305,,0.796,10.5,3.2,1.3,1.6
369,Charlie Scott\scottch01,1976,1978,3,156,5574,1124,2528,,,480,626,182,650,680,214,42,105,608,2728,0.445,,0.767,35.7,17.5,4.2,4.4
370,Ed Searcy\searced01,1976,1976,1,4,12,2,6,,,2,2,0,0,1,0,0,,4,6,0.333,,1,3,1.5,0,0.3
371,Jim Seminoff\seminji01,1949,1950,2,123,,238,770,,,293,407,,,478,,,,349,769,0.309,,0.72,,6.3,,3.9
372,Earl Shannon\shannea01,1949,1949,1,5,,2,11,,,1,4,,,4,,,,2,5,0.182,,0.25,,1,,0.8
373,Howie Shannon\shannho01,1950,1950,1,67,,222,646,,,143,182,,,174,,,,148,587,0.344,,0.786,,8.8,,2.6
374,Bill Sharman\sharmbi01,1952,1961,10,680,21793,4620,10807,,,3047,3451,,2683,2062,,,,1839,12287,0.428,,0.883,32,18.1,3.9,3
375,Brian Shaw\shawbr01,1989,1992,3,178,5509,809,1792,3,47,348,421,234,815,1163,195,71,443,446,1969,0.451,0.064,0.827,30.9,11.1,4.6,6.5
376,Jerry Sichting\sichtje01,1986,1988,3,184,3532,481,892,15,50,106,120,54,216,435,104,1,148,272,1083,0.539,0.3,0.883,19.2,5.9,1.2,2.4
377,Larry Siegfried\siegfla01,1964,1970,7,466,11401,1960,4747,,,1500,1755,,1318,1532,,,,1108,5420,0.413,,0.855,24.5,11.6,2.8,3.3
378,Paul Silas\silaspa01,1973,1976,4,325,10540,1367,3112,,,1010,1394,1047,4004,864,179,75,,899,3744,0.439,,0.725,32.4,11.5,12.3,2.7
379,Xavier Silas\silasxa01,2018,2018,1,2,7,0,3,0,2,0,0,1,2,0,1,0,0,1,0,0,0,,3.5,0,1,0
380,Connie Simmons\simmoco01,1947,1948,2,92,,354,1134,,,160,243,,,79,,,,212,868,0.312,,0.658,,9.4,,0.9
381,Johnny Simmons\simmojo01,1947,1947,1,60,,120,429,,,78,127,,,29,,,,78,318,0.28,,0.614,,5.3,,0.5
382,Marcus Smart\smartma01,2015,2020,6,394,11409,1296,3469,575,1808,721,932,355,1409,1594,615,148,670,1027,3888,0.374,0.318,0.774,29,9.9,3.6,4
383,Charles Smith\smithch02,1990,1991,2,65,549,62,140,0,7,56,81,14,71,109,36,3,39,82,180,0.443,0,0.691,8.4,2.8,1.1,1.7
384,Derek Smith\smithde02,1991,1991,1,2,16,1,4,0,1,3,4,0,0,5,1,1,1,3,5,0.25,0,0.75,8,2.5,0,2.5
385,Doug Smith\smithdo03,1996,1996,1,17,92,14,39,0,0,5,8,12,22,4,3,0,11,21,33,0.359,,0.625,5.4,1.9,1.3,0.2
386,Garfield Smith\smithga01,1971,1972,2,63,415,70,182,,,28,87,,132,17,,,,75,168,0.385,,0.322,6.6,2.7,2.1,0.3
387,Michael Smith\smithmi01,1990,1991,2,112,1009,231,486,8,52,75,91,61,156,122,15,3,91,78,545,0.475,0.154,0.824,9,4.9,1.4,1.1
388,Art Spector\spectar01,1947,1950,4,169,,322,1149,,,208,362,,,143,,,,351,852,0.28,,0.575,,5,,0.8
389,Kevin Stacom\stacoke01,1975,1979,5,296,3878,679,1601,,,210,272,168,443,440,96,14,95,325,1568,0.424,,0.772,13.1,5.3,1.5,1.5
390,Ed Stanczak\stanced01,1951,1951,1,19,,12,50,,,36,45,,36,7,,,,48,60,0.24,,0.8,,3.2,1.9,0.4
391,Michael Stewart\stewami01,2004,2004,1,17,71,2,5,0,0,1,2,3,11,0,1,2,2,13,5,0.4,,0.5,4.2,0.3,0.6,0
392,Greg Stiemsma\stiemgr01,2012,2012,1,55,766,66,121,0,0,29,41,48,177,28,37,85,33,144,161,0.545,,0.707,13.9,2.9,3.2,0.5
393,Bryant Stith\stithbr01,2001,2001,1,78,2504,245,611,91,242,175,207,65,284,168,93,14,90,182,756,0.401,0.376,0.845,32.1,9.7,3.6,2.2
394,Erick Strickland\stricer01,2002,2002,1,79,1643,190,488,95,247,131,155,22,213,184,56,1,94,145,606,0.389,0.385,0.845,20.8,7.7,2.7,2.3
395,Derek Strong\stronde01,1995,1995,1,70,1344,149,329,2,7,141,172,136,375,44,24,13,79,143,441,0.453,0.286,0.82,19.2,6.3,5.4,0.6
396,Gene Stump\stumpge01,1948,1949,2,99,,252,827,,,116,167,,,74,,,,168,620,0.305,,0.695,,6.3,,0.7
397,Jared Sullinger\sullija01,2013,2016,4,258,6414,1157,2638,138,500,404,556,674,1979,474,176,160,328,767,2856,0.439,0.276,0.727,24.9,11.1,7.7,1.8
398,Bruno Šundov\sundobr01,2003,2003,1,26,138,14,56,4,16,0,2,8,28,7,6,3,9,24,32,0.25,0.25,0,5.3,1.2,1.1,0.3
399,Bennie Swain\swainbe01,1959,1959,1,58,708,99,244,,,67,110,,262,29,,,,127,265,0.406,,0.609,12.2,4.6,4.5,0.5
400,Dan Swartz\swartda01,1963,1963,1,39,335,57,150,,,61,72,,88,21,,,,92,175,0.38,,0.847,8.6,4.5,2.3,0.5
401,Larry Sykes\sykesla01,1996,1996,1,1,2,0,0,0,0,0,0,1,2,0,0,0,1,0,0,,,,2,0,2,0
402,Brett Szabo\szabobr01,1997,1997,1,70,662,54,121,0,1,45,61,56,165,17,16,32,41,119,153,0.446,0,0.738,9.5,2.2,2.4,0.2
403,Wally Szczerbiak\szczewa02,2006,2007,2,64,2074,362,810,88,218,228,254,57,221,156,37,7,104,125,1040,0.447,0.404,0.898,32.4,16.3,3.5,2.4
404,Žan Tabak\tabakza01,1998,1998,1,18,232,26,55,0,0,7,13,25,58,12,5,11,17,46,59,0.473,,0.538,12.9,3.3,3.2,0.7
405,Earl Tatum\tatumea01,1979,1979,1,3,38,8,20,,,4,5,1,4,1,0,1,3,7,20,0.4,,0.8,12.7,6.7,1.3,0.3
406,Jayson Tatum\tatumja01,2018,2020,3,218,6936,1362,2984,388,973,633,765,177,1297,470,250,168,368,459,3745,0.456,0.399,0.827,31.8,17.2,5.9,2.2
407,Sebastian Telfair\telfase01,2007,2007,1,78,1578,176,474,37,128,90,110,17,108,218,43,11,98,166,479,0.371,0.289,0.818,20.2,6.1,1.4,2.8
408,Jason Terry\terryja01,2013,2013,1,79,2124,281,648,123,331,114,131,19,159,198,66,11,102,110,799,0.434,0.372,0.87,26.9,10.1,2,2.5
409,Tom Thacker\thackto01,1968,1968,1,65,782,114,272,,,43,84,,161,69,,,,165,271,0.419,,0.512,12,4.2,2.5,1.1
410,Daniel Theis\theisda01,2018,2020,3,187,3226,488,881,70,206,198,263,307,879,219,86,165,137,519,1244,0.554,0.34,0.753,17.3,6.7,4.7,1.2
411,David Thirdkill\thirdda01,1986,1987,2,66,474,64,134,0,2,60,104,32,89,17,13,3,24,67,188,0.478,0,0.577,7.2,2.8,1.3,0.3
412,Isaiah Thomas\thomais02,2015,2017,3,179,5758,1390,3140,460,1250,1182,1330,96,492,1070,173,22,484,379,4422,0.443,0.368,0.889,32.2,24.7,2.7,6
413,Jamel Thomas\thomaja01,2000,2000,1,3,19,5,10,0,1,1,1,0,2,2,0,0,1,0,11,0.5,0,1,6.3,3.7,0.7,0.7
414,John Thomas\thomajo02,1998,1998,1,33,368,41,80,0,0,26,33,32,70,13,19,9,33,65,108,0.513,,0.788,11.2,3.3,2.1,0.4
415,John Thompson\thompjo01,1965,1966,2,74,771,98,239,,,66,111,,260,19,,,,156,262,0.41,,0.595,10.4,3.5,3.5,0.3
416,Marcus Thornton\thornma01,2015,2015,1,39,640,127,305,52,124,42,51,19,73,34,21,7,22,35,348,0.416,0.419,0.824,16.4,8.9,1.9,0.9
417,Darren Tillis\tillida01,1983,1983,1,15,44,7,23,0,1,2,6,4,9,2,0,2,4,8,16,0.304,0,0.333,2.9,1.1,0.6,0.1
418,Lou Tsioropoulos\tsiorlo01,1957,1959,3,157,2977,337,1070,,,236,329,,751,165,,,,451,910,0.315,,0.717,19,5.8,4.8,1.1
419,Andre Turner\turnean01,1987,1987,1,3,18,2,5,0,1,0,0,1,2,1,0,0,5,1,4,0.4,0,,6,1.3,0.7,0.3
420,Evan Turner\turneev01,2015,2016,2,163,4531,663,1499,53,202,254,320,90,814,808,163,47,367,319,1633,0.442,0.262,0.794,27.8,10,5,5
421,Wayne Turner\turnewa01,2000,2000,1,3,41,1,6,0,0,2,6,1,3,5,0,0,3,4,4,0.167,,0.333,13.7,1.3,1,1.7
422,Kelvin Upshaw\upshake01,1989,1990,2,37,604,85,188,4,15,18,26,9,49,125,21,4,54,81,192,0.452,0.267,0.692,16.3,5.2,1.3,3.4
423,Jarvis Varnado\varnaja01,2013,2013,1,5,18,2,4,0,0,2,4,1,3,1,1,0,1,1,6,0.5,,0.5,3.6,1.2,0.6,0.2
424,Virgil Vaughn\vaughvi01,1947,1947,1,17,,15,78,,,15,28,,,10,,,,18,45,0.192,,0.536,,2.6,,0.6
425,Sam Vincent\vincesa01,1986,1987,2,103,806,119,298,1,4,116,125,16,75,128,30,5,82,92,355,0.399,0.25,0.928,7.8,3.4,0.7,1.2
426,Stojko Vranković\vrankst01,1991,1992,2,50,276,39,84,0,0,17,30,23,79,9,1,46,34,65,95,0.464,,0.567,5.5,1.9,1.6,0.2
427,Von Wafer\wafervo01,2011,2011,1,58,553,67,159,18,67,32,38,7,49,35,18,5,20,39,184,0.421,0.269,0.842,9.5,3.2,0.8,0.6
428,Antoine Walker\walkean02,1997,2005,8,552,21654,4390,10627,937,2815,1669,2523,1319,4782,2266,828,317,1782,1717,11386,0.413,0.333,0.662,39.2,20.6,8.7,4.1
429,Brady Walker\walkebr01,1950,1951,2,85,,231,616,,,77,123,,31,117,,,,111,539,0.375,,0.626,,6.3,1.8,1.4
430,Henry Walker\walkebi01,2009,2010,2,37,245,39,64,0,1,18,25,8,34,16,6,2,20,55,96,0.609,0,0.72,6.6,2.6,0.9,0.4
431,Kemba Walker\walkeke02,2020,2020,1,50,1592,350,832,165,438,195,225,33,204,247,47,25,107,77,1060,0.421,0.377,0.867,31.8,21.2,4.1,4.9
432,Gerald Wallace\wallage01,2014,2015,2,90,1702,130,264,20,67,53,116,53,269,154,88,18,115,98,333,0.492,0.299,0.457,18.9,3.7,3,1.7
433,Rasheed Wallace\wallara01,2010,2010,1,79,1780,266,650,82,290,96,125,42,325,80,80,70,63,222,710,0.409,0.283,0.768,22.5,9,4.1,1
434,Red Wallace\wallare01,1947,1947,1,24,,55,224,,,21,48,,,20,,,,42,131,0.246,,0.438,,5.5,,0.8
435,Bill Walton\waltobi01,1986,1987,2,90,1658,241,437,0,0,152,217,147,575,174,39,116,166,233,634,0.551,,0.7,18.4,7,6.4,1.9
436,Brad Wanamaker\wanambr01,2019,2020,2,99,1558,186,423,49,129,132,144,22,165,214,64,14,89,154,553,0.44,0.38,0.917,15.7,5.6,1.7,2.2
437,Gerry Ward\wardge01,1965,1965,1,3,30,2,18,,,1,1,,5,6,,,,6,5,0.111,,1,10,1.7,1.7,2
438,Kermit Washington\washike01,1978,1978,1,32,866,137,263,,,102,136,105,335,42,28,40,54,114,376,0.521,,0.75,27.1,11.8,10.5,1.3
439,Tremont Waters\watertr01,2020,2020,1,10,89,12,35,3,17,6,6,0,9,12,5,2,10,11,33,0.343,0.176,1,8.9,3.3,0.9,1.2
440,Ron Watts\wattsro01,1966,1967,2,28,92,12,46,,,16,23,,39,2,,,,17,40,0.261,,0.696,3.3,1.4,1.4,0.1
441,Marcus Webb\webbma01,1993,1993,1,9,51,13,25,0,1,13,21,5,10,2,1,2,5,11,39,0.52,0,0.619,5.7,4.3,1.1,0.2
442,Scott Wedman\wedmasc01,1983,1987,5,271,4026,757,1630,38,107,137,190,196,573,281,110,47,179,434,1689,0.464,0.355,0.721,14.9,6.2,2.1,1
443,Rick Weitzman\weitzri01,1968,1968,1,25,75,12,46,,,9,13,,10,8,,,,8,33,0.261,,0.692,3,1.3,0.4,0.3
444,Jiří Welsch\welscji01,2004,2005,2,136,3304,399,932,101,280,262,347,80,435,267,140,12,187,281,1161,0.428,0.361,0.755,24.3,8.5,3.2,2
445,Matt Wenstrom\wenstma01,1994,1994,1,11,37,6,10,0,0,6,10,6,12,0,0,2,4,7,18,0.6,,0.6,3.4,1.6,1.1,0
446,David Wesley\wesleda01,1995,1997,3,207,6475,922,2023,270,677,513,670,166,645,1193,344,33,457,572,2627,0.456,0.399,0.766,31.3,12.7,3.1,5.8
447,Delonte West\westde01,2005,2011,4,203,5597,760,1676,185,496,286,340,109,599,750,199,98,327,447,1991,0.453,0.373,0.841,27.6,9.8,3,3.7
448,Paul Westphal\westppa01,1973,1975,3,224,3228,669,1357,,,298,395,93,373,475,117,67,,453,1636,0.493,,0.754,14.4,7.3,1.7,2.1
449,Skippy Whitaker\whitask01,1955,1955,1,3,15,1,6,,,0,0,,1,1,,,,4,2,0.167,,,5,0.7,0.3,0.3
450,D.J. White\whitedj01,2013,2013,1,12,86,12,23,0,0,5,9,4,13,4,1,6,2,5,29,0.522,,0.556,7.2,2.4,1.1,0.3
451,Jo Jo White\whitejo01,1970,1979,10,717,26770,5648,12782,,,1892,2270,407,3071,3686,561,95,259,1776,13188,0.442,,0.833,37.3,18.4,4.3,5.1
452,Sidney Wicks\wickssi01,1977,1978,2,163,5055,897,1939,,,527,793,491,1497,340,131,107,226,649,2321,0.463,,0.665,31,14.2,9.2,2.1
453,Chris Wilcox\wilcoch01,2012,2013,2,89,1311,174,260,0,1,63,97,93,302,34,43,37,64,189,411,0.669,0,0.649,14.7,4.6,3.4,0.4
454,Dominique Wilkins\wilkido01,1995,1995,1,77,2423,496,1169,112,289,266,340,157,401,166,61,14,173,130,1370,0.424,0.388,0.782,31.5,17.8,5.2,2.2
455,Art Williams\williar01,1971,1974,4,303,4058,494,1098,,,220,290,20,758,959,44,3,,622,1208,0.45,,0.759,13.4,4,2.5,3.2
456,Earl Williams\williea01,1979,1979,1,20,273,54,123,,,14,24,41,105,12,12,9,20,41,122,0.439,,0.583,13.7,6.1,5.3,0.6
457,Eric Williams\willier01,1996,2004,7,462,11638,1417,3337,148,457,1266,1730,559,1607,678,421,81,592,1169,4248,0.425,0.324,0.732,25.2,9.2,3.5,1.5
458,Grant Williams\willigr01,2020,2020,1,62,970,80,192,21,85,37,51,58,165,62,28,33,46,149,218,0.417,0.247,0.725,15.6,3.5,2.7,1
459,Lorenzo Williams\willilo01,1993,1993,1,22,151,16,31,0,0,2,7,13,44,5,4,14,6,23,34,0.516,,0.286,6.9,1.5,2,0.2
460,Ray Williams\willira01,1985,1985,1,23,459,55,143,6,23,31,46,16,57,90,30,5,42,56,147,0.385,0.261,0.674,20,6.4,2.5,3.9
461,Robert Williams\williro04,2019,2020,2,55,606,78,113,0,0,23,40,61,189,29,29,68,30,76,179,0.69,,0.575,11,3.3,3.4,0.5
462,Sean Williams\willise01,2012,2012,1,3,42,2,6,0,0,7,7,4,12,3,3,3,3,4,11,0.333,,1,14,3.7,4,1
463,Shammond Williams\willish01,2003,2003,1,51,1169,134,338,56,159,48,57,12,110,128,61,3,61,84,372,0.396,0.352,0.842,22.9,7.3,2.2,2.5
464,Shelden Williams\willish02,2010,2010,1,54,597,63,121,0,1,75,98,47,146,21,13,21,30,85,201,0.521,0,0.765,11.1,3.7,2.7,0.4
465,Sly Williams\willisl01,1986,1986,1,6,54,5,21,0,4,7,12,7,15,2,1,1,7,15,17,0.238,0,0.583,9,2.8,2.5,0.3
466,Terrence Williams\willite01,2013,2013,1,24,318,48,97,5,15,9,21,4,44,38,11,2,22,13,110,0.495,0.333,0.429,13.3,4.6,1.8,1.6
467,Willie Williams\williwi01,1971,1971,1,16,56,6,32,,,3,5,,10,2,,,,8,15,0.188,,0.6,3.5,0.9,0.6,0.1
468,Bobby Wilson\wilsobo03,1977,1977,1,25,131,19,59,,,11,13,3,9,14,3,0,,19,49,0.322,,0.846,5.2,2,0.4,0.6
469,Joe Wolf\wolfjo01,1993,1993,1,2,9,0,1,0,0,1,2,1,3,0,0,1,2,2,1,0,,0.5,4.5,0.5,1.5,0
470,Rubén Wolkowyski\wolkoru01,2003,2003,1,7,24,2,4,0,1,1,4,0,1,1,0,0,1,3,5,0.5,0,0.25,3.4,0.7,0.1,0.1
471,Brandan Wright\wrighbr03,2015,2015,1,8,86,12,21,0,0,2,4,7,17,8,1,5,5,4,26,0.571,,0.5,10.8,3.3,2.1,1
472,A.J. Wynder\wyndeaj01,1991,1991,1,6,39,3,12,0,1,6,8,1,3,8,1,0,4,1,12,0.25,0,0.75,6.5,2,0.5,1.3
473,Guerschon Yabusele\yabusgu01,2018,2019,2,74,486,61,138,21,65,30,44,40,105,31,12,12,27,55,173,0.442,0.323,0.682,6.6,2.3,1.4,0.4
474,James Young\youngja01,2015,2017,3,89,751,72,196,35,127,23,42,19,94,26,24,5,14,54,202,0.367,0.276,0.548,8.4,2.3,1.1,0.3
475,Tyler Zeller\zellety01,2015,2017,3,193,2966,556,1067,0,1,263,333,251,767,184,35,95,142,363,1375,0.521,0,0.79,15.4,7.1,4,1
